"id";"key";"dealer_id";"product_id"
1;"546227";2;12
2;"651265";2;106
3;"546257";2;200
4;"546408";2;38
5;"651258";2;403
6;"546234";2;18
7;"546355";2;39
8;"831859";2;396
9;"832159";2;284
10;"831853";2;276
11;"382756";2;279
12;"546405";2;320
13;"831855";2;249
14;"856995";2;235
15;"856325";2;216
16;"695084";2;293
17;"546406";2;40
18;"831858";2;397
19;"857015";2;236
20;"831854";2;275
21;"382757";2;272
22;"546322";2;123
23;"831857";2;398
24;"382745";2;307
25;"831860";2;402
26;"832157";2;250
27;"831863";2;257
28;"856331";2;234
29;"695083";2;292
30;"716498";2;82
31;"651254";2;286
32;"716499";2;83
33;"717424";2;43
34;"546294";2;133
35;"546360";2;20
36;"831856";2;399
37;"832158";2;258
38;"651268";2;44
39;"651269";2;42
40;"856278";2;217
41;"651259";2;19
42;"651261";2;172
43;"382755";2;246
44;"856324";2;207
45;"546242";2;81
46;"546253";2;72
47;"546258";2;204
48;"716726";2;165
49;"546267";2;178
50;"651253";2;263
51;"716500";2;55
52;"716502";2;52
53;"382752";2;253
54;"382753";2;259
55;"546256";2;74
56;"546261";2;170
57;"697563";2;16
58;"716503";2;62
59;"382754";2;245
60;"728393";2;175
61;"697564";2;121
62;"671830";2;158
63;"671831";2;160
64;"856938";2;230
65;"856407";2;233
66;"856925";2;228
67;"856937";2;229
68;"100156076";3;338
69;"200671203";3;332
70;"200692760";3;356
71;"200692763";3;341
72;"200692766";3;335
73;"200692770";3;344
74;"200692773";3;353
75;"200692779";3;347
76;"200692782";3;350
77;"200671204";3;333
78;"200692759";3;357
79;"200692762";3;342
80;"200692765";3;336
81;"200692771";3;345
82;"200692774";3;354
83;"200692777";3;339
84;"200692780";3;348
85;"200692783";3;351
86;"200671202";3;331
87;"200692761";3;355
88;"200692764";3;340
89;"200692767";3;334
90;"200692769";3;343
91;"200692772";3;352
92;"200692775";3;337
93;"200692778";3;346
94;"200692781";3;349
95;"200671274";3;189
96;"200671275";3;188
97;"100156085";3;190
98;"200671276";3;187
99;"100121642";3;192
100;"200543990";3;191
101;"100121975";3;11
102;"200544528";3;10
103;"100121664";3;8
104;"200544027";3;9
105;"100121646";3;182
106;"200544012";3;181
107;"200394761";3;364
108;"200394764";3;368
109;"200652975";3;376
110;"100070803";3;372
111;"200394762";3;365
112;"200652974";3;373
113;"200671293";3;383
114;"200671291";3;385
115;"100156090";3;384
116;"200671288";3;377
117;"200692786";3;379
118;"100156089";3;382
119;"200692785";3;381
120;"200671287";3;378
121;"200692784";3;380
122;"100156093";3;387
123;"200671296";3;386
124;"100156095";3;389
125;"200671298";3;388
126;"100156097";3;406
127;"100167146";3;418
128;"200712409";3;424
129;"200712416";3;430
130;"200712414";3;427
131;"200712405";3;421
132;"200712403";3;420
133;"200712410";3;426
134;"200712417";3;432
135;"200712413";3;429
136;"200712406";3;423
137;"200712404";3;419
138;"200712411";3;425
139;"200712418";3;431
140;"200712412";3;428
141;"200712407";3;422
142;"200671315";3;326
143;"100156101";3;325
144;"200692789";3;330
145;"100156104";3;329
146;"200671317";3;324
147;"100156102";3;323
148;"100156105";3;327
149;"200692788";3;328
150;"200671304";3;322
151;"100156098";3;321
152;"100156059";3;186
153;"200653012";3;183
154;"200688509";3;184
155;"100150622";3;185
156;"100156057";3;177
157;"100156058";3;173
158;"100156060";3;178
159;"100156061";3;174
160;"200671177";3;175
161;"100156064";3;176
162;"100156065";3;179
163;"200671181";3;172
164;"100156069";3;197
165;"100150896";3;195
166;"100156070";3;196
167;"200544147";3;194
168;"100121736";3;193
169;"100121737";3;199
170;"200375950";3;240
171;"100067707";3;242
172;"200375953";3;243
173;"200539382";3;244
174;"200375951";3;241
175;"200375954";3;396
176;"100067708";3;397
177;"200652937";3;265
178;"200671207";3;267
179;"200671208";3;268
180;"100150617";3;266
181;"100163756";3;270
182;"200692727";3;269
183;"100163757";3;280
184;"200692742";3;279
185;"100163759";3;285
186;"200692752";3;284
187;"100163761";3;287
188;"200692756";3;286
189;"200375981";3;272
190;"200711441";3;276
191;"200671249";3;273
192;"200711442";3;277
193;"200375983";3;271
194;"100067717";3;275
195;"200671248";3;274
196;"200711444";3;278
197;"100067721";3;282
198;"200375989";3;281
199;"200671250";3;283
200;"200375990";3;253
201;"200539383";3;255
202;"200539384";3;256
203;"100067722";3;254
204;"200375960";3;257
205;"100067711";3;258
206;"200671244";3;292
207;"200671247";3;294
208;"100156083";3;293
209;"100002946";3;311
210;"100119608";3;320
211;"200375982";3;263
212;"100067718";3;264
213;"200375984";3;245
214;"200711434";3;249
215;"200671221";3;247
216;"200711436";3;251
217;"200671222";3;248
218;"200711438";3;252
219;"100067719";3;246
220;"200711440";3;250
221;"200375986";3;259
222;"200671232";3;261
223;"200671251";3;262
224;"100067720";3;260
225;"100067709";3;289
226;"200375957";3;288
227;"200671261";3;303
228;"200375969";3;304
229;"200671267";3;305
230;"200671266";3;310
231;"200653020";3;296
232;"200671268";3;297
233;"200671269";3;300
234;"200711454";3;417
235;"100166665";3;416
236;"200711447";3;410
237;"200711448";3;411
238;"100166662";3;409
239;"200711452";3;415
240;"100166664";3;414
241;"200711450";3;413
242;"100166663";3;412
243;"100167144";3;312
244;"100167145";3;476
245;"200375976";3;404
246;"100067715";3;405
247;"200653022";3;403
248;"100067716";3;398
249;"200375978";3;399
250;"100156107";3;408
251;"100156106";3;407
252;"200544197";3;88
253;"100121762";3;87
254;"100121763";3;89
255;"100121765";3;92
256;"100121764";3;91
257;"100121766";3;93
258;"200688508";3;94
259;"100163394";3;95
260;"100121768";3;96
261;"100121776";3;107
262;"200544193";3;85
263;"100121761";3;84
264;"200544327";3;101
265;"200544328";3;102
266;"100121770";3;100
267;"100121773";3;104
268;"200546964";3;105
269;"200544325";3;98
270;"200544326";3;99
271;"100121769";3;97
272;"100121772";3;103
273;"100121835";3;157
274;"100121822";3;163
275;"200544285";3;162
276;"200544316";3;159
277;"100121834";3;154
278;"200544312";3;155
279;"100121824";3;136
280;"100121837";3;160
281;"200544318";3;161
282;"200544301";3;141
283;"100121826";3;137
284;"100121823";3;134
285;"100121825";3;135
286;"100121832";3;151
287;"100121753";3;79
288;"200544180";3;75
289;"100121751";3;76
290;"200544179";3;74
291;"100121752";3;77
292;"200544181";3;77
293;"200544323";3;71
294;"100121749";3;70
295;"100121756";3;80
296;"100121775";3;106
297;"100121759";3;82
298;"100121760";3;83
299;"100121838";3;164
300;"100121839";3;165
301;"100121801";3;133
302;"200375992";3;391
303;"200375993";3;392
304;"100067723";3;390
305;"100150621";3;394
306;"200671237";3;395
307;"200671235";3;393
308;"100121691";3;39
309;"100121696";3;43
310;"100121699";3;38
311;"200544079";3;45
312;"100121742";3;203
313;"100122412";3;206
314;"200544102";3;52
315;"100121713";3;49
316;"200544100";3;51
317;"100121722";3;63
318;"200544109";3;56
319;"200544113";3;68
320;"100121719";3;67
321;"200544116";3;60
322;"200544117";3;59
323;"100121727";3;69
324;"100121726";3;65
325;"100122364";3;170
326;"100121816";3;169
327;"200544275";3;167
328;"100067724";3;401
329;"200375996";3;402
330;"200375997";3;400
331;"100121750";3;73
332;"200544177";3;72
333;"100121797";3;127
334;"100121777";3;108
335;"100121796";3;125
336;"200544247";3;123
337;"100121783";3;117
338;"100121787";3;118
339;"100121800";3;132
340;"200544254";3;131
341;"100121799";3;131
342;"100121778";3;110
343;"200544224";3;111
344;"200544243";3;112
345;"100121791";3;113
346;"100121788";3;119
347;"100121792";3;120
348;"200544251";3;129
349;"100121798";3;129
350;"200544245";3;121
351;"100121793";3;122
352;"100121701";3;34
353;"200544064";3;28
354;"100121688";3;29
355;"100121687";3;26
356;"200544063";3;27
357;"100121694";3;40
358;"200544073";3;41
359;"100121681";3;22
360;"200544057";3;23
361;"100121702";3;35
362;"100121686";3;24
363;"200544060";3;25
364;"100121700";3;32
365;"100121695";3;42
366;"200544157";3;201
367;"200544158";3;202
368;"100121741";3;200
369;"200544164";3;205
370;"100121743";3;204
371;"100121703";3;36
372;"100121705";3;37
373;"100121663";3;6
374;"200544025";3;7
375;"100121662";3;4
376;"200544023";3;5
377;"200544028";3;12
378;"100121675";3;18
379;"100121667";3;17
380;"100156088";3;16
381;"100121671";3;14
382;"100121666";3;15
383;"100121679";3;20
384;"100067710";3;291
385;"200375958";3;290
386;"700000625";4;398
387;"700000627";4;401
388;"700000497";4;123
389;"700000504";4;400
390;"700000624";4;112
391;"700000626";4;124
392;"700000729";4;121
393;"700000730";4;113
394;"700000733";4;48
395;"700000734";4;54
396;"700000735";4;27
397;"700000736";4;13
398;"700000746";4;56
399;"700000747";4;46
400;"700000909";4;162
401;"700001129";4;1
402;"700000484";4;62
403;"700000485";4;59
404;"700000486";4;65
405;"700000487";4;67
406;"700000500";4;39
407;"700000503";4;20
408;"700000505";4;390
409;"700000533";4;40
410;"700000619";4;393
411;"700000620";4;394
412;"700000623";4;391
413;"703002705";4;191
414;"700001465";4;207
415;"700000483";4;55
416;"700000488";4;200
417;"700000489";4;12
418;"700000490";4;17
419;"700000493";4;18
420;"700000494";4;81
421;"700000495";4;74
422;"700000496";4;130
423;"700000498";4;26
424;"700000499";4;19
425;"700000614";4;8
426;"700000615";4;9
427;"700000628";4;204
428;"700000687";4;72
429;"700000688";4;38
430;"700000689";4;16
431;"357000135";4;408
739;https://kub02.ru/catalog/professionalnaya_bytovaya_khimiya/sprey_dlya_ochistki_polkov_v_banyakh_i_saunakh_universal_wood_0_5l/;6;20
740;https://kub02.ru/catalog/prosept/antiseptik_universalnyy_dlya_vnutr_i_naruzhn_prosept_universal_1l/;6;259
741;https://kub02.ru/catalog/prosept/antiseptik_nevymyvaemyy_korichnevyy_prosept_ultra_kontsentrat_1_10_1l/;6;249
742;https://kub02.ru/catalog/prosept/lak_dlya_bani_i_sauny_termostoykiy_akrilovyy_prosept_0_9l/;6;321
743;https://kub02.ru/catalog/prosept/antiseptik_nevymyvaemyy_korichnevyy_prosept_eco_ultra_gotovyy_sostav_5l/;6;275
744;https://kub02.ru/catalog/professionalnaya_bytovaya_khimiya/udalitel_tsementa_prosept_cement_cleaner_1l/;6;401
745;https://kub02.ru/catalog/professionalnaya_bytovaya_khimiya/universalnyy_pyatnovyvoditel_prosept_candy_0_5l/;6;162
746;https://kub02.ru/catalog/prosept/antiseptik_nevymyvaemyy_korichnevyy_prosept_ultra_kontsentrat_1_10_5l/;6;250
747;https://kub02.ru/catalog/prosept/maslo_dlya_zashchity_polkov_prosept_sauna_oil_gotovyy_sostav_0_25l/;6;320
748;https://kub02.ru/catalog/prosept/otbelivatel_dlya_drevesiny_prosept_50_1_1_1l/;6;240
749;https://kub02.ru/catalog/prosept/antiseptik_universalnyy_dlya_vnutr_i_naruzhn_prosept_eco_universal_5l/;6;281
750;https://kub02.ru/catalog/professionalnaya_bytovaya_khimiya/udalitel_tsementa_prosept_cement_cleaner_gotovyy_sostav_0_5l/;6;400
751;https://kub02.ru/catalog/professionalnaya_bytovaya_khimiya/sredstvo_dlya_prochistki_trub_ot_zasorov_bath_prof_1l/;6;60
752;https://kub02.ru/catalog/professionalnaya_bytovaya_khimiya/sredstvo_dlya_prochistki_trub_ot_zasorov_bath_prof_5l/;6;61
753;https://kub02.ru/catalog/prosept/antiseptik_dlya_bani_i_sauny_prosept_sauna_1_10_1l/;6;263
754;https://kub02.ru/catalog/kraska_i_gruntovka/kraska_grunt_fasadnaya_dlya_plit_osb_proff_3v1_7kg_prosept/;6;232
755;https://kub02.ru/catalog/kraska_i_gruntovka/kraska_grunt_fasadnaya_dlya_plit_osb_proff_3v1_1kg_prosept/;6;231
756;https://kub02.ru/catalog/prosept/antiseptik_nevymyvaemyy_korichnevyy_prosept_eco_ultra_gotovyy_sostav_10l/;6;276
757;https://kub02.ru/catalog/prosept/antiseptik_universalnyy_protiv_gribka_i_pleseni_prosept_antiplesen_got_sostav_5l/;6;290
906;"689339";11;115
907;"689338";11;113
908;"689336";11;124
909;"689337";11;122
910;"689333";11;201
911;"888467";11;175
912;"689334";11;27
913;"171973";11;173
914;"689335";11;13
915;"888468";11;59
916;"946037";11;72
758;"344056";9;133
759;"344031";9;130
760;"429428";9;1
761;"344058";9;52
762;"427546";9;55
763;"412165";9;56
764;"344057";9;62
765;"344055";9;74
766;"425615";9;143
767;"425614";9;147
768;"425613";9;145
769;"421627";9;175
770;"421628";9;177
771;"421629";9;178
772;"431924";9;196
505;"1462335";7;16
506;"1462334";7;12
507;"1462339";7;38
508;"1478129";7;61
509;"1462340";7;40
510;"1462338";7;26
511;"1462343";7;55
512;"1462349";7;200
513;"1478131";7;202
514;"1462353";7;168
515;"1462336";7;18
516;"1462341";7;47
517;"1462351";7;72
518;"1478130";7;66
519;"1462345";7;67
520;"1462344";7;57
521;"1462350";7;204
522;"1462342";7;53
523;"1478128";7;68
524;"1462348";7;65
525;"1462333";7;4
526;"1462354";7;170
527;"1565304";7;44
528;"1462352";7;74
529;"1462346";7;60
530;"1462347";7;63
531;"1462337";7;19
773;"395985";9;16
774;"380694";9;65
775;"344048";9;200
776;"344049";9;204
777;"344036";9;20
778;"344035";9;81
779;"344040";9;67
780;"344038";9;400
781;"344029";9;18
782;"344028";9;12
783;"344037";9;39
784;"344053";9;40
785;"344052";9;26
786;"431919";9;19
787;"412166";9;46
788;"344032";9;123
789;"344033";9;124
790;"412170";9;121
791;"344034";9;122
792;"363953";9;390
793;"363954";9;403
794;"344039";9;401
795;"380693";9;59
796;"380695";9;152
797;"412169";9;391
798;"412167";9;393
799;"412168";9;394
800;"427545";9;83
801;"427544";9;82
802;"344030";9;128
917;"133027";12;395
918;"133026";12;394
919;"133028";12;393
920;"133029";12;320
921;"133038";12;298
922;"133049";12;397
923;"108904";12;38
924;"108908";12;84
925;"108916";12;60
926;"108912";12;69
927;"108906";12;200
928;"108905";12;204
929;"108913";12;47
930;"108907";12;123
931;"133054";12;390
932;"133052";12;391
933;"108917";12;67
934;"108914";12;53
935;"132643";12;400
936;"133004";12;401
937;"126140";12;63
938;"108893";12;170
939;"108915";12;12
940;"133050";12;398
941;"133051";12;399
942;"133053";12;392
943;"132640";12;403
944;"132641";12;404
945;"132642";12;405
946;"133005";12;402
947;"108910";12;72
948;"541218";12;328
803;"1923010";10;55
804;"1522054";10;152
805;"2168947";10;59
806;"1302291";10;176
807;"1425732";10;81
808;"1302290";10;61
809;"1302280";10;60
810;"1302294";10;28
811;"1302279";10;63
812;"1302295";10;57
813;"1302276";10;67
814;"1302275";10;53
815;"1302271";10;12
816;"2142795";10;62
817;"1923013";10;140
818;"1522049";10;159
819;"1522050";10;156
820;"2509196";10;128
821;"2337728";10;21
822;"2769741";10;407
823;"2769743";10;406
824;"1923011";10;83
825;"1923012";10;82
826;"2509198";10;146
827;"1425734";10;138
828;"1522051";10;157
829;"1522052";10;160
830;"1522055";10;153
831;"3156975";10;249
832;"1425733";10;17
833;"1656317";10;400
834;"1656318";10;401
835;"1656313";10;393
836;"1656314";10;394
837;"1656315";10;390
838;"1656316";10;391
839;"2716944";10;263
840;"2168946";10;56
841;"2759717";10;16
842;"2168948";10;52
843;"2509200";10;40
844;"3261309";10;143
845;"3261320";10;139
846;"1302286";10;144
847;"1302287";10;149
848;"1302293";10;100
849;"1302273";10;38
850;"1302281";10;200
851;"1302284";10;170
852;"1302288";10;54
853;"1302289";10;68
854;"1302282";10;72
855;"1302283";10;74
856;"1302285";10;133
857;"1302277";10;65
858;"2509201";10;168
645;"91274244";8;159
646;"91274242";8;155
647;"93844423";8;9
648;"90162587";8;31
649;"91274255";8;168
650;"90162796";8;64
651;"90034948";8;195
652;"93844422";8;8
653;"90162798";8;65
654;"90034950";8;197
655;"90162799";8;39
656;"90034949";8;196
657;"90162797";8;62
658;"91274253";8;170
659;"90162588";8;26
660;"90162795";8;63
661;"91274252";8;146
662;"91274251";8;144
663;"91274249";8;140
664;"91274248";8;138
665;"91274247";8;151
666;"91274246";8;150
667;"91274245";8;161
668;"91274243";8;157
669;"91274241";8;153
670;"91274240";8;149
671;"90602673";8;145
672;"90602672";8;147
673;"90411298";8;365
674;"90162590";8;123
675;"90162771";8;60
676;"90162585";8;18
677;"90162784";8;166
678;"98267811";8;253
679;"91056675";8;410
680;"90505355";8;271
681;"90505354";8;293
682;"90505353";8;292
683;"90505352";8;291
684;"90505351";8;290
685;"90505350";8;289
686;"90505349";8;288
687;"90505348";8;266
688;"90505347";8;265
689;"90505346";8;264
690;"90505345";8;263
691;"90505343";8;259
692;"90505342";8;258
693;"90505341";8;257
694;"90505340";8;254
695;"90505339";8;246
696;"90505338";8;409
697;"90505337";8;276
698;"90505336";8;275
699;"90505335";8;250
700;"90505334";8;249
701;"90505333";8;286
702;"90505332";8;320
703;"90505331";8;240
704;"90411306";8;376
705;"90411304";8;373
706;"90411303";8;372
707;"90411300";8;368
708;"90411297";8;364
859;"1302272";10;8
860;"3288743";10;417
861;"3157012";10;276
862;"1522046";10;154
863;"2769742";10;408
864;"2509197";10;18
865;"2716862";10;240
709;"90162762";8;56
710;"90162761";8;50
711;"90162760";8;51
712;"90162759";8;53
713;"90162756";8;52
714;"98267814";8;245
715;"90414450";8;424
716;"90411319";8;324
717;"90411318";8;323
718;"90411311";8;322
719;"90162757";8;55
720;"90414458";8;432
721;"90414457";8;431
722;"90414456";8;430
723;"90414455";8;429
724;"90414454";8;428
725;"90414453";8;427
726;"90414452";8;426
727;"90414451";8;425
728;"90414449";8;423
729;"90414448";8;422
730;"90414447";8;421
731;"90414446";8;420
732;"90414445";8;419
733;"90414444";8;418
734;"90411315";8;329
735;"90411314";8;330
736;"90411313";8;326
737;"90411312";8;325
738;"90411310";8;321
866;"2096064";10;184
867;"1656319";10;403
868;"2717033";10;245
869;"2717947";10;246
870;"2509199";10;26
871;"2716995";10;266
872;"3261311";10;145
873;"2096071";10;46
874;"1522047";10;155
875;"2135830";10;186
876;"3157016";10;271
877;"3201601";10;414
878;"1522053";10;161
879;"3156990";10;250
880;"3288675";10;412
881;"3288677";10;413
882;"3156997";10;275
883;"1816794";10;126
884;"2716874";10;241
885;"3201604";10;415
886;"3202487";10;259
887;"3202491";10;260
888;"3201631";10;279
889;"2716986";10;264
890;"3157217";10;253
891;"3202483";10;290
892;"2716990";10;265
893;"3157226";10;254
894;"2717007";10;295
895;"3261310";10;147
896;"2717009";10;296
897;"2717018";10;306
898;"2717025";10;307
899;"3288739";10;416
900;"2717028";10;308
901;"3201597";10;409
902;"1522048";10;158
903;"3565385";10;175
904;"3565386";10;178
905;"3565387";10;177
1086;"4554291";13;46
1087;"1092852";13;401
1088;"3628581";13;168
1089;"3732207";13;14
1090;"1092967";13;263
1091;"2012857";13;264
1092;"1092970";13;286
1093;"2012855";13;254
1094;"3707761";13;406
1095;"1092969";13;249
1096;"1092851";13;275
1097;"1092890";13;290
1098;"1574230";13;86
1099;"4197427";13;59
1100;"1020148";13;58
1101;"3493958";13;171
1102;"1413490";13;150
1103;"1574315";13;184
1104;"3732182";13;153
1105;"3628554";13;156
1106;"3628575";13;152
1107;"3628562";13;158
1108;"1227605";13;393
1109;"3972364";13;142
1110;"3972365";13;144
1111;"4242239";13;146
1112;"1602476";13;140
1113;"1021229";13;138
1114;"3628548";13;143
1115;"3628571";13;139
1116;"3732187";13;198
1117;"2012880";13;397
1118;"1092903";13;396
1119;"1574290";13;126
1120;"1021017";13;47
1121;"3628533";13;44
1122;"1524150";13;38
1123;"1021073";13;90
1124;"1021087";13;33
1125;"1021269";13;72
1126;"2930066";13;20
1127;"1021185";13;61
1128;"6262565";13;408
1129;"1021085";13;48
1130;"1020192";13;123
1131;"3628553";13;130
1132;"1574273";13;116
1133;"3628521";13;128
1134;"1021068";13;67
1135;"4197426";13;55
1136;"3628537";13;49
1137;"1021176";13;51
1138;"1021188";13;114
1139;"1574361";13;64
1140;"3628525";13;62
1141;"4197428";13;18
1142;"1021885";13;30
1143;"1021094";13;31
1144;"2012802";13;392
1145;"1092968";13;391
1146;"3732175";13;403
1147;"1092888";13;400
1148;"1021731";13;13
1149;"1574225";13;26
1150;"1021183";13;53
1151;"1020171";13;54
1152;"5051345";13;21
1153;"4197429";13;81
1154;"1227604";13;390
1155;"1021109";13;12
1156;"1021224";13;57
1157;"1021931";13;50
1158;"4242238";13;55
1159;"1021216";13;166
1160;"1092965";13;257
1161;"1021114";13;66
1162;"1021228";13;124
1163;"1574302";13;149
1164;"1092966";13;258
1165;"1574261";13;109
1166;"2012882";13;402
1167;"2012859";13;246
1168;"6267643";13;97
1169;"3732176";13;6
1170;"1574255";13;75
1171;"3628570";13;106
1172;"7226107";13;121
1173;"1021102";13;24
1174;"1021058";13;175
1175;"3628588";13;105
1176;"1574308";13;176
1177;"2012872";13;281
1178;"1574245";13;86
1179;"3628557";13;103
1180;"1574354";13;68
1181;"3732215";13;7
1182;"1574279";13;122
1183;"7226113";13;151
1184;"1020955";13;73
1185;"7226109";13;161
1186;"7226110";13;157
1187;"7226111";13;159
1188;"7226112";13;155
1189;"1574257";13;76
1190;"1574283";13;127
1191;"1576085";13;167
1192;"982440";14;240
1193;"105321";14;241
1194;"928821";14;396
1195;"928825";14;400
1196;"928826";14;401
1197;"941021";14;287
1198;"982444";14;271
1199;"982445";14;272
1200;"982447";14;282
1201;"928820";14;391
1202;"928819";14;390
1203;"928818";14;394
1204;"928817";14;393
1205;"928827";14;404
1206;"928823";14;398
1207;"982441";14;320
1208;"982442";14;259
1209;"103741";14;290
1210;"982449";14;302
1211;"928815";14;263
1212;"941022";14;395
1213;"928816";14;286
1214;"105319";14;279
1215;"982448";14;249
1216;"982443";14;260
1217;"982446";14;281
1218;"103740";14;288
1219;"982450";14;302
1220;"928824";14;399
1221;"103742";14;392
1222;"103743";14;402
1223;"23917781";16;39
1224;"23917774";16;20
1225;"23295735";16;263
1226;"23295919";16;286
1227;"26390864";16;257
1228;"26390871";16;258
1229;"23295940";16;391
1230;"23565760";16;393
1231;"23295803";16;266
1232;"26390888";16;214
1233;"26390895";16;215
1234;"23295933";16;272
1235;"23295926";16;271
1236;"26391410";16;276
1237;"26391403";16;275
1238;"23295773";16;245
1239;"23295797";16;247
1240;"23295780";16;246
1241;"26390901";16;249
1242;"26391489";16;289
1243;"26391472";16;288
1244;"23295711";16;253
1245;"23295728";16;254
1246;"23295889";16;280
1247;"23295872";16;279
1248;"26151120";16;282
1249;"26151113";16;281
1250;"23295759";16;259
1251;"23295766";16;260
1252;"26391182";16;294
1253;"23565746";16;400
1254;"26391014";16;331
1255;"26391021";16;332
1256;"26391038";16;333
1257;"26390956";16;349
1258;"26390963";16;350
1259;"26390970";16;351
1260;"26390987";16;352
1261;"26390994";16;353
1262;"26391007";16;354
1263;"26390925";16;355
1264;"26390932";16;356
1265;"26390949";16;357
1266;"23295971";16;396
1267;"23295988";16;397
1268;"26391045";16;362
1269;"26391113";16;365
1270;"26391069";16;366
1271;"26391106";16;373
1272;"26391052";16;374
1273;"26391076";16;370
1274;"26391137";16;222
1275;"26391083";16;227
1276;"26391434";16;377
1277;"26391465";16;380
1278;"26151045";16;381
1279;"26393520";16;220
1280;"26391144";16;383
1281;"26391168";16;384
1282;"26151076";16;387
1283;"26151069";16;386
1284;"26151083";16;388
1285;"26151090";16;389
1286;"26322599";16;175
1287;"23881853";16;178
1288;"26393537";16;407
1289;"26393544";16;408
1290;"26391304";16;418
1291;"26391311";16;419
1292;"26391342";16;424
1293;"26391359";16;425
1294;"26391380";16;430
1295;"26391397";16;431
1296;"26391366";16;427
1297;"26391373";16;428
1298;"26391328";16;421
1299;"26391212";16;321
1300;"26391229";16;322
1301;"26391250";16;323
1302;"26391267";16;324
1303;"26391236";16;327
1304;"26391274";16;218
1305;"26391243";16;328
1306;"26391281";16;219
1307;"23565753";16;320
1308;"26397207";16;217
1309;"26391427";16;312
1310;"23295841";16;307
1311;"23581197";16;308
1312;"23295834";16;306
1313;"23295827";16;298
1314;"23581203";16;299
1315;"23295681";16;240
1316;"23295704";16;243
1317;"23295698";16;241
1318;"26391175";16;216
1319;"23295865";16;270
1320;"23295858";16;269
1321;"26322575";16;16
1322;"26387727";16;3
1323;"26387734";16;2
1324;"26391298";16;398
1325;"23296008";16;401
1326;"23295995";16;399
1327;"23296015";16;404
1328;"26151106";16;403
1329;"23917729";16;81
1330;"23917736";16;130
1331;"23917750";16;133
1332;"23917743";16;128
1333;"26028880";16;46
1334;"26028897";16;49
1335;"23593060";16;123
1336;"23295957";16;391
1337;"23295964";16;392
1338;"23592940";16;67
1339;"23881792";16;18
1340;"23565739";16;390
1341;"23881822";16;170
1342;"23881815";16;38
1343;"26029719";16;42
1344;"26029726";16;43
1345;"26029733";16;44
1346;"26029740";16;45
1347;"26322582";16;121
1348;"26322612";16;26
1349;"23593022";16;85
1350;"23593039";16;88
1351;"23593046";16;90
1352;"26028958";16;87
1353;"26028965";16;89
1354;"26028941";16;84
1355;"23917767";16;19
1356;"23592971";16;200
1357;"23592988";16;204
1358;"26028934";16;62
1359;"26322605";16;55
1360;"23917804";16;165
1361;"26029832";16;137
1362;"26029863";16;143
1363;"26029856";16;141
1364;"26029849";16;139
1365;"26029788";16;157
1366;"26029818";16;152
1367;"26029825";16;153
1368;"26029757";16;154
1369;"26029764";16;155
1370;"26029795";16;158
1371;"26029801";16;159
1372;"23593008";16;72
1373;"23881808";16;74
1374;"26028927";16;59
1375;"23881839";16;65
1376;"23592865";16;8
1377;"23592858";16;4
1378;"23592872";16;12
1379;"23917798";16;164
1380;"15881566";15;130
1381;"15881570";15;128
1382;"15728532";15;404
1383;"15728526";15;397
1384;"15728528";15;400
1385;"15728540";15;57
1386;"15057179";15;287
1387;"15728558";15;18
1388;"16058060";15;383
1389;"15728530";15;402
1390;"15728529";15;401
1391;"15728517";15;307
1392;"15728515";15;245
1393;"15728556";15;200
1394;"15728560";15;12
1395;"15728549";15;124
1396;"18382327";15;298
1397;"15728523";15;390
1398;"15728535";15;65
1399;"18382423";15;311
1400;"15057178";15;286
1401;"15728514";15;260
1402;"15881623";15;310
1403;"15881539";15;77
1404;"15728510";15;254
1405;"15881515";15;291
1406;"16174937";15;406
1407;"15881514";15;290
1408;"15728512";15;263
1409;"18381715";15;363
1410;"15881594";15;19
1411;"20633200";15;276
1412;"15057186";15;392
1413;"20633002";15;121
1414;"20633038";15;249
1415;"15881541";15;86
1416;"15728522";15;394
1417;"15881561";15;127
1418;"15057196";15;405
1419;"15881549";15;140
1420;"15878423";15;280
1421;"15881526";15;68
1422;"15881606";15;139
1423;"15728543";15;170
1424;"20621578";15;314
1425;"15728519";15;271
1426;"15728521";15;393
1427;"15728511";15;257
1428;"15728524";15;391
1429;"15881559";15;172
1430;"15728509";15;253
1431;"20633236";15;409
1432;"15881573";15;122
1433;"15728516";15;246
1434;"15728507";15;240
1435;"15728547";15;175
1436;"15728525";15;396
1437;"20633398";15;250
1438;"15881571";15;129
1439;"15881584";15;202
1440;"15728518";15;308
1441;"20633476";15;413
1442;"15728520";15;272
1443;"18338749";15;407
1444;"15878433";15;295
1445;"16058056";15;379
1446;"15728546";15;73
1447;"15728508";15;241
1448;"18382039";15;375
1449;"20633710";15;277
1450;"16058054";15;378
1451;"15881512";15;288
1452;"15881547";15;144
1453;"15878422";15;279
1454;"20633728";15;415
1455;"15881585";15;205
1456;"15728544";15;74
1457;"15878424";15;284
1458;"15881518";15;365
1459;"15881600";15;156
1460;"15728557";15;204
1461;"15057183";15;395
1462;"15728531";15;403
1463;"16174925";15;293
1464;"15881574";15;133
1465;"16058050";15;381
1466;"15728548";15;123
1467;"15728550";15;114
1468;"15057163";15;306
1469;"15879464";15;399
1470;"18338755";15;408
1471;"16058059";15;380
1472;"15728541";15;67
1473;"15881545";15;150
1474;"15728542";15;60
1475;"15728513";15;259
1476;"16058044";15;112
1477;"15728545";15;72
1478;"15881517";15;364
1479;"15881621";15;14
1480;"15878427";15;247
1481;"15881624";15;297
1482;"15057161";15;296
1483;"15728527";15;398
1484;"15881608";15;143
1485;"15881548";15;142
1486;"15881595";15;20
1487;"15881521";15;372
1488;"15881511";15;274
1489;"20632840";15;410
1490;"15881597";15;153
1491;"15881519";15;368
1492;"18381739";15;299
1493;"15881567";15;131
1494;"15728551";15;29
1495;"15881538";15;76
1496;"15878431";15;309
1497;"20632804";15;417
1498;"15878429";15;261
1499;"15881550";15;138
1500;"16058046";15;113
1501;"16058048";15;382
1502;"15881618";15;44
1503;"18382561";15;373
1504;"18381823";15;367
1505;"15057139";15;258
1506;"20633314";15;414
1507;"15057130";15;242
1508;"15881593";15;13
1509;"15881582";15;27
1510;"15881596";15;152
1511;"15728554";15;31
1512;"16058062";15;385
1513;"15881577";15;199
1514;"15728533";15;63
1515;"16058043";15;386
1516;"18382543";15;302
1517;"15881616";15;106
1518;"16058045";15;389
1519;"15878426";15;282
1520;"15881568";15;110
1521;"15878425";15;285
1522;"16058064";15;384
1523;"15881522";15;64
1524;"15881513";15;289
1525;"20633302";15;251
1526;"15881565";15;117
1527;"15881614";15;103
1528;"15881540";15;107
1529;"15881604";15;160
1530;"15881569";15;111
1531;"15881534";15;70
1532;"18381871";15;371
1533;"16174936";15;292
1534;"15881612";15;141
1535;"15881543";15;81
1536;"15881610";15;137
1537;"15728536";15;53
1538;"16058041";15;387
1539;"15728555";15;22
1540;"15728538";15;47
1541;"15881598";15;154
1542;"15881599";15;155
1543;"15728559";15;8
1544;"15881581";15;26
1545;"15881558";15;177
1546;"15728537";15;54
1547;"15881592";15;7
1548;"15057176";15;281
1549;"16058052";15;377
1550;"15881615";15;105
1551;"15881602";15;158
1552;"15881605";15;161
1553;"20633350";15;416
1554;"15881619";15;45
1555;"15881620";15;43
1556;"15728534";15;69
1557;"15881562";15;116
1558;"15728553";15;30
1559;"15728552";15;28
1560;"15881617";15;42
1561;"15881556";15;179
1562;"15881554";15;180
1563;"20633512";15;275
1564;"20621566";15;312
1565;"20621584";15;476
1566;"16058047";15;388
1567;"15881590";15;9
1568;"24973263";15;1
1569;"15881591";15;6
1570;"15057142";15;264
1571;"24968883";15;3
1572;"24968877";15;2
1573;"15881527";15;61
1574;"15881603";15;159
1575;"15728539";15;48
1576;"15881525";15;58
1577;"15881587";15;104
1578;"15881560";15;126
1579;"15881524";15;66
1580;"15881544";15;149
1581;"21451348";15;429
1582;"21451342";15;428
1583;"21451324";15;425
1584;"21451282";15;418
1585;"21451288";15;419
1586;"21451354";15;430
1587;"21451318";15;424
1588;"21451366";15;432
1589;"21451360";15;431
1590;"18382279";15;323
1591;"18382519";15;324
1592;"21451330";15;426
1593;"21451312";15;423
1594;"21451306";15;422
1595;"15881601";15;157
1596;"18381781";15;322
1597;"21451336";15;427
1598;"18381757";15;321
1599;"21451294";15;420
1600;"15877620";15;248
1601;"20633086";15;278
1602;"20621572";15;319
1603;"15881564";15;109
1604;"15881572";15;120
1605;"15878428";15;255
1606;"20621590";15;315
1607;"15057131";15;243
1608;"15881583";15;23
1609;"21451300";15;421
1610;"15057132";15;244
1611;"15881563";15;108
1612;"15881633";15;333
1613;"20632768";15;252
1614;"15057137";15;256
1615;"16028060";15;199
1616;"15878430";15;262
1617;"15881647";15;353
1618;"15881635";15;338
1619;"15881641";15;350
1620;"15881629";15;356
1621;"15881646";15;352
1622;"15881640";15;349
1623;"15881651";15;358
1624;"20633638";15;412
1625;"15881631";15;331
1626;"15881652";15;359
1627;"15881653";15;360
1628;"15881649";15;342
1629;"15881637";15;343
1630;"15881644";15;347
1631;"15881627";15;336
1632;"15881632";15;332
1633;"15881648";15;354
1634;"15881626";15;335
1635;"15881642";15;351
1636;"15881628";15;355
1637;"15881643";15;346
1638;"15881638";15;344
1639;"15881625";15;334
1640;"15881639";15;345
1641;"15881650";15;341
1642;"15881645";15;348
1643;"15881634";15;337
1644;"15881546";15;136
1645;"15881551";15;135
1646;"15881552";15;134
1647;"15881630";15;357
1648;"15881636";15;339
1649;"15889296";15;340
1650;"15881530";15;167
1651;"25458243";15;234
1652;"25458129";15;212
1653;"25458219";15;220
1654;"25458261";15;221
1655;"25458249";15;235
1656;"25458117";15;213
1657;"25458231";15;239
1658;"25458237";15;237
1659;"25458273";15;223
1660;"25458159";15;225
1661;"25458153";15;224
1662;"25458183";15;216
1663;"30420483";1;18
1664;"30148170";1;152
1665;"29454019";1;142
1666;"30420419";1;128
1667;"40019175";1;397
1668;"29454009";1;144
1669;"41439661";1;146
1670;"44586174";1;14
1671;"32322143";1;390
1672;"29454016";1;140
1673;"32006145";1;13
1674;"44185865";1;156
1675;"40019190";1;393
1676;"42468032";1;48
1677;"40019194";1;63
1678;"30267206";1;12
1679;"44232006";1;58
1680;"44231947";1;66
1681;"45351517";1;124
1682;"59072465";1;81
1683;"44231991";1;150
1684;"44232025";1;396
1685;"40019183";1;391
1686;"41439662";1;143
1687;"44231950";1;31
1688;"30420349";1;67
1689;"44231958";1;54
1690;"44232004";1;254
1691;"44231970";1;86
1692;"44231954";1;50
1693;"40019201";1;400
1694;"44231997";1;130
1695;"39644556";1;198
1696;"39640982";1;72
1697;"40019199";1;57
1698;"44185868";1;153
1699;"44231972";1;53
1700;"42048368";1;61
1701;"153796218";1;106
1702;"44231961";1;402
1703;"44231960";1;290
1704;"44056890";1;38
1705;"32395695";1;60
1706;"45316300";1;286
1707;"41439659";1;139
1708;"44185692";1;158
1709;"44232000";1;406
1710;"44232019";1;263
1711;"41439663";1;138
1712;"44231934";1;245
1713;"30420470";1;50
1714;"44232073";1;51
1715;"44231948";1;64
1716;"40019179";1;20
1717;"44232062";1;392
1718;"44231940";1;149
1719;"44231981";1;68
1720;"44231976";1;403
1721;"44231946";1;293
1722;"44232057";1;46
1723;"45316302";1;271
1724;"45351531";1;281
1725;"44232026";1;148
1726;"40019195";1;47
1727;"44232054";1;258
1728;"44232027";1;21
1729;"44231966";1;126
1730;"44230470";1;184
1731;"44231996";1;172
1732;"44232087";1;257
1733;"40019189";1;123
1734;"44232075";1;30
1735;"1001472240";5;288
1736;"1001472227";5;246
1737;"1001472237";5;272
1738;"1001472228";5;275
1739;"1001472229";5;276
1740;"1001472238";5;281
1741;"1001472239";5;282
1742;"1001472234";5;269
1743;"1001472235";5;270
1744;"1001472268";5;38
1745;"1001472277";5;72
1746;"1001472232";5;409
1747;"1001472233";5;410
1748;"1001472256";5;390
1749;"1001472269";5;26
1750;"1001472260";5;403
1751;"1001472255";5;131
1752;"1001472278";5;74
1753;"1001472265";5;67
1754;"1001472266";5;65
1755;"1001472261";5;408
1756;"1001472272";5;204
1757;"1001472245";5;306
1758;"1001472246";5;307
1759;"1001472267";5;62
1760;"1001472225";5;240
1761;"1001472244";5;299
1762;"1001472243";5;298
1763;"1001472230";5;476
1764;"1001472252";5;389
1765;"1001472285";5;164
1766;"1001472271";5;200
1767;"1001472273";5;12
1768;"1001472194";5;406
1769;"1001472248";5;324
1770;"1001472249";5;329
1771;"1001472247";5;323
1772;"1001472250";5;330
1773;"1001472241";5;290
1774;"1001472223";5;249
1775;"1001472224";5;250
1776;"1001472242";5;291
1777;"1001472281";5;106
1778;"1001472259";5;402
1779;"1001472258";5;401
1780;"1001472257";5;400
1781;"1001472264";5;55
1782;"1001472253";5;128
1783;"1001472226";5;245
1784;"1001472254";5;130
1785;"1001472275";5;16
1786;"1001472274";5;18
1787;"1001472263";5;46
1788;"1001472284";5;123
1789;"1001472270";5;39
1790;"1001472262";5;59
1791;"1001472283";5;158
1792;"1001472282";5;152
1793;"1001472280";5;105
1794;"1001472279";5;103
1795;"1001472276";5;19
1796;"717999592";17;243
1797;"717999629";17;249
1798;"717999417";17;409
1799;"717999408";17;250
1800;"717999615";17;251
1801;"717999672";17;254
1802;"717999545";17;294
1803;"865197051";17;271
1804;"717999622";17;284
1805;"874974462";17;332
1806;"866298013";17;214
1807;"970374009";17;286
1808;"866333800";17;215
1809;"718000962";17;54
1810;"970387456";17;1
1811;"970387453";17;129
1812;"972676201";17;130
1813;"972675519";17;131
1814;"970376884";17;241
1815;"970379773";17;242
1816;"718002325";17;313
1817;"778954875";17;311
1818;"718000129";17;307
1819;"778955318";17;308
1820;"866785166";17;217
1821;"674680262";17;422
1822;"674702000";17;420
1823;"674684380";17;428
1824;"674689461";17;431
1825;"674684389";17;425
1826;"674682694";17;429
1827;"674686848";17;432
1828;"674680044";17;426
1829;"674675777";17;420
1830;"874943446";17;423
1831;"874947960";17;230
1832;"874951651";17;232
1833;"874955692";17;233
1834;"667186351";17;462
1835;"667154072";17;457
1836;"667205999";17;459
1837;"667158744";17;464
1838;"860509000";17;463
1839;"858663048";17;226
1840;"860500818";17;224
1841;"860592578";17;225
1842;"667138927";17;437
1843;"860510674";17;223
1844;"667164623";17;448
1845;"667137973";17;461
1846;"717999698";17;157
1847;"717999693";17;156
1848;"970373050";17;281
1849;"970375473";17;255
1850;"970376281";17;246
1851;"970379098";17;247
1852;"970377695";17;266
1853;"970372102";17;267
1854;"909833708";17;263
1855;"718000561";17;15
1856;"717999697";17;158
1857;"717999700";17;155
1858;"726602390";17;159
1859;"724758458";17;105
1860;"900644119";18;239
1861;"900642865";18;238
1862;"900647999";18;237
1863;"900639409";18;234
1864;"900638483";18;235
1865;"531735052";18;402
1866;"531757364";18;401
1867;"531737458";18;400
1868;"531718523";18;403
1869;"531728763";18;391
1870;"531717804";18;390
1871;"898341289";18;210
1872;"898340578";18;209
1873;"530024228";18;271
1874;"530145011";18;290
1875;"528623838";18;258
1876;"528709081";18;257
1877;"530090753";18;288
1878;"529985141";18;264
1879;"530168143";18;292
1880;"530165035";18;291
1881;"530109630";18;289
1882;"530009500";18;265
1883;"530013702";18;266
1884;"529972217";18;254
1885;"531730388";18;405
1886;"534656259";18;131
1887;"534658090";18;130
1888;"534756125";18;408
1889;"534753801";18;407
1890;"534438916";18;397
1891;"534447374";18;396
1892;"685023081";18;180
1893;"685041029";18;179
1894;"898338489";18;208
1895;"898343122";18;207
1896;"531780145";18;241
1897;"531782265";18;240
1898;"534463306";18;306
1899;"534436990";18;308
1900;"534435405";18;307
1901;"534470521";18;303
1902;"534471042";18;302
1903;"534466393";18;301
1904;"534580937";18;299
1905;"534465092";18;298
1906;"534453424";18;296
1907;"534623576";18;295
1908;"534525133";18;479
1909;"534522772";18;312
1910;"534522915";18;472
1911;"534517451";18;452
1912;"534482894";18;476
1913;"534780554";18;320
1914;"900729170";18;217
1915;"901071085";18;219
1916;"900795668";18;218
1917;"534593726";18;328
1918;"534591260";18;327
1919;"534628129";18;330
1920;"534612612";18;329
1921;"534596058";18;326
1922;"534602726";18;325
1923;"534600011";18;324
1924;"534600586";18;323
1925;"534627349";18;321
1926;"901210107";18;232
1927;"901214653";18;233
1928;"900038087";18;231
1929;"590915757";18;432
1930;"590934033";18;430
1931;"590928127";18;422
1932;"590931066";18;421
1933;"590916997";18;428
1934;"590939046";18;429
1935;"590923983";18;427
1936;"590947729";18;425
1937;"590941432";18;426
1938;"590948256";18;424
1939;"590951712";18;419
1940;"590943952";18;418
1941;"901210445";18;229
1942;"900036562";18;228
1943;"684880238";18;148
1944;"684886045";18;140
1945;"684921139";18;146
1946;"684991891";18;144
1947;"684884105";18;143
1948;"684918518";18;147
1949;"684919616";18;141
1950;"684917429";18;145
1951;"901036214";18;213
1952;"534702209";18;394
1953;"534725028";18;393
1954;"685042487";18;186
1955;"684852057";18;158
1956;"684842178";18;154
1957;"684844833";18;152
1958;"684839307";18;160
1959;"684838504";18;156
1960;"685024738";18;177
1961;"685041716";18;173
1962;"685034060";18;178
1963;"685041660";18;175
1964;"685042353";18;183
1965;"685031838";18;184
1966;"534751139";18;406
1967;"531846867";18;388
1968;"531872427";18;389
1969;"533368493";18;386
1970;"533151252";18;384
1971;"533147419";18;385
1972;"533161983";18;383
1973;"533038451";18;380
1974;"533021166";18;379
1975;"533020012";18;378
1976;"533023218";18;377
1977;"533364895";18;381
1978;"533365969";18;382
1979;"901192740";18;463
1980;"901189715";18;440
1981;"901204650";18;226
1982;"528896527";18;461
1983;"901206296";18;224
1984;"529889279";18;462
1985;"901194775";18;225
1986;"529900646";18;459
1987;"901204355";18;223
1988;"529897703";18;448
1989;"529900727";18;437
1990;"530171613";18;294
1991;"901018205";18;215
1992;"901015314";18;214
1993;"530311059";18;412
1994;"530412894";18;413
1995;"529972348";18;261
1996;"529976980";18;259
1997;"530174845";18;281
1998;"530173304";18;282
1999;"530308111";18;414
2000;"530305367";18;415
2001;"527585723";18;254
2002;"527621071";18;253
2003;"530312440";18;409
2004;"530310152";18;410
2005;"530260673";18;250
2006;"530269234";18;249
2007;"527564430";18;247
2008;"527571766";18;245
2009;"530268832";18;275
2010;"530346093";18;277
2011;"530305153";18;276
2012;"530026654";18;272
2013;"530028395";18;273
2014;"530308963";18;416
2015;"530308890";18;417
2016;"530058834";18;263
2017;"530115576";18;284
2018;"530111080";18;285
2019;"530017190";18;267
2020;"530139882";18;286
2021;"534659036";18;129
2022;"898350801";18;1
2023;"534666258";18;128
